<?xml version="1.0" encoding="UTF-8"?>
<!--
	Copyright (C) 2014 Parrot SA

	Redistribution and use in source and binary forms, with or without
	modification, are permitted provided that the following conditions
	are met:
	* Redistributions of source code must retain the above copyright
	notice, this list of conditions and the following disclaimer.
	* Redistributions in binary form must reproduce the above copyright
	notice, this list of conditions and the following disclaimer in
	the documentation and/or other materials provided with the
	distribution.
	* Neither the name of Parrot nor the names
	of its contributors may be used to endorse or promote products
	derived from this software without specific prior written
	permission.

	THIS SOFTWARE IS PROVIDED BY THE COPYRIGHT HOLDERS AND CONTRIBUTORS
	"AS IS" AND ANY EXPRESS OR IMPLIED WARRANTIES, INCLUDING, BUT NOT
	LIMITED TO, THE IMPLIED WARRANTIES OF MERCHANTABILITY AND FITNESS
	FOR A PARTICULAR PURPOSE ARE DISCLAIMED. IN NO EVENT SHALL THE
	COPYRIGHT OWNER OR CONTRIBUTORS BE LIABLE FOR ANY DIRECT, INDIRECT,
	INCIDENTAL, SPECIAL, EXEMPLARY, OR CONSEQUENTIAL DAMAGES (INCLUDING,
	BUT NOT LIMITED TO, PROCUREMENT OF SUBSTITUTE GOODS OR SERVICES; LOSS
	OF USE, DATA, OR PROFITS; OR BUSINESS INTERRUPTION) HOWEVER CAUSED
	AND ON ANY THEORY OF LIABILITY, WHETHER IN CONTRACT, STRICT LIABILITY,
	OR TORT (INCLUDING NEGLIGENCE OR OTHERWISE) ARISING IN ANY WAY OUT
	OF THE USE OF THIS SOFTWARE, EVEN IF ADVISED OF THE POSSIBILITY OF
	SUCH DAMAGE.
-->
<feature id="133" name="generic">
	All generic messages
	<enums>
		<enum name="list_flags">
			Flags use by maps and lists
			<value name="First">
				indicate it's the first element of the list.
			</value>
			<value name="Last">
				indicate it's the last element of the list.
			</value>
			<value name="Empty">
				indicate the list is empty (implies First/Last). All other arguments should be ignored.
			</value>
			<value name="Remove">
				This value should be removed from the existing list.
			</value>
		</enum>
	</enums>
	<multisettings>
		<multisetting name="DroneSettings">
			Drone settings
			<member link="ardrone3.PilotingSettings.MaxAltitude"></member>
			<member link="ardrone3.PilotingSettings.MaxTilt"></member>
			<member link="ardrone3.PilotingSettings.MaxDistance"></member>
			<member link="ardrone3.PilotingSettings.NoFlyOverMaxDistance"></member>
			<member link="ardrone3.SpeedSettings.MaxVerticalSpeed"></member>
			<member link="ardrone3.SpeedSettings.MaxRotationSpeed"></member>
			<member link="ardrone3.SpeedSettings.MaxPitchRollRotationSpeed"></member>
			<member link="ardrone3.GPSSettings.ReturnHomeDelay"></member>
			<member link="ardrone3.GPSSettings.HomeType"></member>
			<member link="ardrone3.PictureSettings.VideoStabilizationMode"></member>
			<member link="ardrone3.PilotingSettings.BankedTurn"></member>
		</multisetting>
		<multisetting name="DroneSettingsChanged">
			Drone settings changed
			<member link="ardrone3.PilotingSettingsState.MaxAltitudeChanged"></member>
			<member link="ardrone3.PilotingSettingsState.MaxTiltChanged"></member>
			<member link="ardrone3.PilotingSettingsState.MaxDistanceChanged"></member>
			<member link="ardrone3.PilotingSettingsState.NoFlyOverMaxDistanceChanged"></member>
			<member link="ardrone3.SpeedSettingsState.MaxVerticalSpeedChanged"></member>
			<member link="ardrone3.SpeedSettingsState.MaxRotationSpeedChanged"></member>
			<member link="ardrone3.SpeedSettingsState.MaxPitchRollRotationSpeedChanged"></member>
			<member link="ardrone3.GPSSettingsState.ReturnHomeDelayChanged"></member>
			<member link="ardrone3.GPSSettingsState.HomeTypeChanged"></member>
			<member link="ardrone3.PictureSettingsState.VideoStabilizationModeChanged"></member>
			<member link="ardrone3.PilotingSettingsState.BankedTurnChanged"></member>
		</multisetting>
	</multisettings>
	<msgs>
		<cmd name="default" id="1">
			<comment
				title="default"
				desc="default"
				support="none"
				result="default"/>
		</cmd>
		 <cmd name="SetDroneSettings" id="2">
			<arg name="settings" type="multisetting:DroneSettings">
				<comment
					title="SetDroneSettings"
					desc="Set several drone settings in only one command."
					support="none"
					result="Drone settings are set.\n
					Then, event [DroneSettingsChanged](#133-3) is triggered."/>
			</arg>
		</cmd>
		<evt name="DroneSettingsChanged" id="3">
			<arg name="settings" type="multisetting:DroneSettingsChanged">
				<comment
					title="Drone Settings"
					desc="Informs that several drones settings changed."
					support="none"
					triggered="by [SetDroneSettings](#133-2)."/>
			</arg>
		</evt>
	</msgs>
</feature>
